{"daily_tokens": {"llama-3.3-70b-versatile": 28287, "llama-3.1-8b-instant": 6555}, "last_reset": "2026-05-20", "last_request_time": {"llama-3.3-70b-versatile": 1779299458.9544935, "llama3-8b-8192": 1769603581.311255, "llama-3.1-8b-instant": 1779299461.5925062}, "request_count": {"llama-3.3-70b-versatile": 5, "llama3-8b-8192": 1, "llama-3.1-8b-instant": 1}, "minute_start": {"llama-3.3-70b-versatile": 1779299403.76747, "llama3-8b-8192": 1769603581.3112519, "llama-3.1-8b-instant": 1779299461.5925026}}