{"daily_tokens": {"llama-3.3-70b-versatile": 38666, "llama-3.1-8b-instant": 4051}, "last_reset": "2026-05-13", "last_request_time": {"llama-3.3-70b-versatile": 1778692264.0315647, "llama3-8b-8192": 1769603581.311255, "llama-3.1-8b-instant": 1778692185.0314412}, "request_count": {"llama-3.3-70b-versatile": 1, "llama3-8b-8192": 1, "llama-3.1-8b-instant": 1}, "minute_start": {"llama-3.3-70b-versatile": 1778692264.0315604, "llama3-8b-8192": 1769603581.3112519, "llama-3.1-8b-instant": 1778692185.0314376}}