{"daily_tokens": {"llama-3.3-70b-versatile": 33376}, "last_reset": "2026-06-24", "last_request_time": {"llama-3.3-70b-versatile": 1782320445.1772861, "llama3-8b-8192": 1769603581.311255, "llama-3.1-8b-instant": 1782244278.4272838}, "request_count": {"llama-3.3-70b-versatile": 3, "llama3-8b-8192": 1, "llama-3.1-8b-instant": 1}, "minute_start": {"llama-3.3-70b-versatile": 1782320440.1876788, "llama3-8b-8192": 1769603581.3112519, "llama-3.1-8b-instant": 1782244278.4272797}}