{"daily_tokens": {"llama-3.3-70b-versatile": 37759, "llama-3.1-8b-instant": 1963}, "last_reset": "2026-04-29", "last_request_time": {"llama-3.3-70b-versatile": 1777479852.121867, "llama3-8b-8192": 1769603581.311255, "llama-3.1-8b-instant": 1777449915.5059822}, "request_count": {"llama-3.3-70b-versatile": 3, "llama3-8b-8192": 1, "llama-3.1-8b-instant": 1}, "minute_start": {"llama-3.3-70b-versatile": 1777479844.5977232, "llama3-8b-8192": 1769603581.3112519, "llama-3.1-8b-instant": 1777449915.5059779}}