{"daily_tokens": {"llama-3.3-70b-versatile": 17445, "llama-3.1-8b-instant": 7954}, "last_reset": "2026-05-03", "last_request_time": {"llama-3.3-70b-versatile": 1777833969.2562144, "llama3-8b-8192": 1769603581.311255, "llama-3.1-8b-instant": 1777822747.473608}, "request_count": {"llama-3.3-70b-versatile": 2, "llama3-8b-8192": 1, "llama-3.1-8b-instant": 2}, "minute_start": {"llama-3.3-70b-versatile": 1777833964.0062997, "llama3-8b-8192": 1769603581.3112519, "llama-3.1-8b-instant": 1777822743.8984325}}