{"daily_tokens": {"llama-3.3-70b-versatile": 44984, "llama-3.1-8b-instant": 1987}, "last_reset": "2026-07-01", "last_request_time": {"llama-3.3-70b-versatile": 1782934860.5231023, "llama3-8b-8192": 1769603581.311255, "llama-3.1-8b-instant": 1782915266.5243692}, "request_count": {"llama-3.3-70b-versatile": 3, "llama3-8b-8192": 1, "llama-3.1-8b-instant": 1}, "minute_start": {"llama-3.3-70b-versatile": 1782934855.6522577, "llama3-8b-8192": 1769603581.3112519, "llama-3.1-8b-instant": 1782915266.5243647}}