{"daily_tokens": {"llama-3.1-8b-instant": 8009, "llama-3.3-70b-versatile": 41803}, "last_reset": "2026-05-05", "last_request_time": {"llama-3.3-70b-versatile": 1778008054.9359066, "llama3-8b-8192": 1769603581.311255, "llama-3.1-8b-instant": 1778008072.944145}, "request_count": {"llama-3.3-70b-versatile": 4, "llama3-8b-8192": 1, "llama-3.1-8b-instant": 2}, "minute_start": {"llama-3.3-70b-versatile": 1778008026.7698197, "llama3-8b-8192": 1769603581.3112519, "llama-3.1-8b-instant": 1778008069.3619852}}