{"daily_tokens": {"llama-3.3-70b-versatile": 51869, "llama-3.1-8b-instant": 8260}, "last_reset": "2026-05-19", "last_request_time": {"llama-3.3-70b-versatile": 1779219869.4307666, "llama3-8b-8192": 1769603581.311255, "llama-3.1-8b-instant": 1779212061.884695}, "request_count": {"llama-3.3-70b-versatile": 3, "llama3-8b-8192": 1, "llama-3.1-8b-instant": 2}, "minute_start": {"llama-3.3-70b-versatile": 1779219862.40181, "llama3-8b-8192": 1769603581.3112519, "llama-3.1-8b-instant": 1779212058.2737267}}