{"daily_tokens": {"llama-3.3-70b-versatile": 28081, "llama-3.1-8b-instant": 6001}, "last_reset": "2026-04-27", "last_request_time": {"llama-3.3-70b-versatile": 1777306856.0114493, "llama3-8b-8192": 1769603581.311255, "llama-3.1-8b-instant": 1777306859.858527}, "request_count": {"llama-3.3-70b-versatile": 1, "llama3-8b-8192": 1, "llama-3.1-8b-instant": 1}, "minute_start": {"llama-3.3-70b-versatile": 1777306856.0114458, "llama3-8b-8192": 1769603581.3112519, "llama-3.1-8b-instant": 1777306859.8585224}}