{"daily_tokens": {"llama-3.3-70b-versatile": 8060}, "last_reset": "2026-06-07", "last_request_time": {"llama-3.3-70b-versatile": 1780821986.224782, "llama3-8b-8192": 1769603581.311255, "llama-3.1-8b-instant": 1780688585.704028}, "request_count": {"llama-3.3-70b-versatile": 3, "llama3-8b-8192": 1, "llama-3.1-8b-instant": 1}, "minute_start": {"llama-3.3-70b-versatile": 1780821978.4064023, "llama3-8b-8192": 1769603581.3112519, "llama-3.1-8b-instant": 1780688585.704024}}