{"daily_tokens": {"llama-3.3-70b-versatile": 15309, "llama-3.1-8b-instant": 4355}, "last_reset": "2026-05-22", "last_request_time": {"llama-3.3-70b-versatile": 1779477881.6710775, "llama3-8b-8192": 1769603581.311255, "llama-3.1-8b-instant": 1779477903.2429368}, "request_count": {"llama-3.3-70b-versatile": 3, "llama3-8b-8192": 1, "llama-3.1-8b-instant": 1}, "minute_start": {"llama-3.3-70b-versatile": 1779477875.629291, "llama3-8b-8192": 1769603581.3112519, "llama-3.1-8b-instant": 1779477903.242933}}