{"daily_tokens": {"llama-3.3-70b-versatile": 2969}, "last_reset": "2026-02-08", "last_request_time": {"llama-3.3-70b-versatile": 1770553892.4936182, "llama3-8b-8192": 1769603581.311255, "llama-3.1-8b-instant": 1769700507.8615365}, "request_count": {"llama-3.3-70b-versatile": 1, "llama3-8b-8192": 1, "llama-3.1-8b-instant": 1}, "minute_start": {"llama-3.3-70b-versatile": 1770553892.4936135, "llama3-8b-8192": 1769603581.3112519, "llama-3.1-8b-instant": 1769700507.8615327}}