{"daily_tokens": {"llama-3.3-70b-versatile": 4996}, "last_reset": "2026-06-06", "last_request_time": {"llama-3.3-70b-versatile": 1780751559.3611846, "llama3-8b-8192": 1769603581.311255, "llama-3.1-8b-instant": 1780688585.704028}, "request_count": {"llama-3.3-70b-versatile": 1, "llama3-8b-8192": 1, "llama-3.1-8b-instant": 1}, "minute_start": {"llama-3.3-70b-versatile": 1780751559.36118, "llama3-8b-8192": 1769603581.3112519, "llama-3.1-8b-instant": 1780688585.704024}}