{"daily_tokens": {"llama-3.3-70b-versatile": 30389}, "last_reset": "2026-06-29", "last_request_time": {"llama-3.3-70b-versatile": 1782762305.0472035, "llama3-8b-8192": 1769603581.311255, "llama-3.1-8b-instant": 1782662610.3438523}, "request_count": {"llama-3.3-70b-versatile": 2, "llama3-8b-8192": 1, "llama-3.1-8b-instant": 1}, "minute_start": {"llama-3.3-70b-versatile": 1782762302.6267927, "llama3-8b-8192": 1769603581.3112519, "llama-3.1-8b-instant": 1782662610.343848}}