{"daily_tokens": {"llama-3.3-70b-versatile": 25704, "llama-3.1-8b-instant": 7562}, "last_reset": "2026-06-07", "last_request_time": {"llama-3.3-70b-versatile": 1780859357.0442164, "llama3-8b-8192": 1769603581.311255, "llama-3.1-8b-instant": 1780859362.0990753}, "request_count": {"llama-3.3-70b-versatile": 1, "llama3-8b-8192": 1, "llama-3.1-8b-instant": 2}, "minute_start": {"llama-3.3-70b-versatile": 1780859357.0442128, "llama3-8b-8192": 1769603581.3112519, "llama-3.1-8b-instant": 1780859352.6570427}}