{"daily_tokens": {"llama-3.3-70b-versatile": 58073, "llama-3.1-8b-instant": 3945}, "last_reset": "2026-05-15", "last_request_time": {"llama-3.3-70b-versatile": 1778872869.9264638, "llama3-8b-8192": 1769603581.311255, "llama-3.1-8b-instant": 1778872788.533902}, "request_count": {"llama-3.3-70b-versatile": 4, "llama3-8b-8192": 1, "llama-3.1-8b-instant": 2}, "minute_start": {"llama-3.3-70b-versatile": 1778872826.1113229, "llama3-8b-8192": 1769603581.3112519, "llama-3.1-8b-instant": 1778872786.3814006}}