{"daily_tokens": {"llama-3.3-70b-versatile": 7361, "llama-3.1-8b-instant": 2737}, "last_reset": "2026-04-28", "last_request_time": {"llama-3.3-70b-versatile": 1777393722.0968337, "llama3-8b-8192": 1769603581.311255, "llama-3.1-8b-instant": 1777393723.740737}, "request_count": {"llama-3.3-70b-versatile": 1, "llama3-8b-8192": 1, "llama-3.1-8b-instant": 1}, "minute_start": {"llama-3.3-70b-versatile": 1777393722.0968304, "llama3-8b-8192": 1769603581.3112519, "llama-3.1-8b-instant": 1777393723.7407346}}