{"daily_tokens": {"llama-3.3-70b-versatile": 15349}, "last_reset": "2026-05-19", "last_request_time": {"llama-3.3-70b-versatile": 1779182922.6494086, "llama3-8b-8192": 1769603581.311255, "llama-3.1-8b-instant": 1779132491.376011}, "request_count": {"llama-3.3-70b-versatile": 6, "llama3-8b-8192": 1, "llama-3.1-8b-instant": 1}, "minute_start": {"llama-3.3-70b-versatile": 1779182894.358808, "llama3-8b-8192": 1769603581.3112519, "llama-3.1-8b-instant": 1779132491.376007}}