{"daily_tokens": {"llama-3.1-8b-instant": 713, "llama-3.3-70b-versatile": 2433}, "last_reset": "2026-01-29", "last_request_time": {"llama-3.3-70b-versatile": 1769668622.7127528, "llama3-8b-8192": 1769603581.311255, "llama-3.1-8b-instant": 1769668622.6065748}, "request_count": {"llama-3.3-70b-versatile": 3, "llama3-8b-8192": 1, "llama-3.1-8b-instant": 3}, "minute_start": {"llama-3.3-70b-versatile": 1769668617.426513, "llama3-8b-8192": 1769603581.3112519, "llama-3.1-8b-instant": 1769668617.175534}}