{"daily_tokens": {"llama-3.3-70b-versatile": 5173, "llama-3.1-8b-instant": 1784}, "last_reset": "2026-05-01", "last_request_time": {"llama-3.3-70b-versatile": 1777622605.8992798, "llama3-8b-8192": 1769603581.311255, "llama-3.1-8b-instant": 1777622601.2932787}, "request_count": {"llama-3.3-70b-versatile": 2, "llama3-8b-8192": 1, "llama-3.1-8b-instant": 1}, "minute_start": {"llama-3.3-70b-versatile": 1777622598.4606116, "llama3-8b-8192": 1769603581.3112519, "llama-3.1-8b-instant": 1777622601.293275}}