{"daily_tokens": {"llama-3.3-70b-versatile": 40259, "llama-3.1-8b-instant": 3840}, "last_reset": "2026-04-29", "last_request_time": {"llama-3.3-70b-versatile": 1777489920.3810115, "llama3-8b-8192": 1769603581.311255, "llama-3.1-8b-instant": 1777489929.2937965}, "request_count": {"llama-3.3-70b-versatile": 1, "llama3-8b-8192": 1, "llama-3.1-8b-instant": 1}, "minute_start": {"llama-3.3-70b-versatile": 1777489920.3810081, "llama3-8b-8192": 1769603581.3112519, "llama-3.1-8b-instant": 1777489929.2937932}}