{"daily_tokens": {"llama-3.1-8b-instant": 3825}, "last_reset": "2026-05-05", "last_request_time": {"llama-3.3-70b-versatile": 1777922208.6498985, "llama3-8b-8192": 1769603581.311255, "llama-3.1-8b-instant": 1777967821.61237}, "request_count": {"llama-3.3-70b-versatile": 1, "llama3-8b-8192": 1, "llama-3.1-8b-instant": 2}, "minute_start": {"llama-3.3-70b-versatile": 1777922208.6498947, "llama3-8b-8192": 1769603581.3112519, "llama-3.1-8b-instant": 1777967818.188577}}