{"daily_tokens": {"llama-3.3-70b-versatile": 13790}, "last_reset": "2026-05-17", "last_request_time": {"llama-3.3-70b-versatile": 1779005490.4225383, "llama3-8b-8192": 1769603581.311255, "llama-3.1-8b-instant": 1778936622.5430558}, "request_count": {"llama-3.3-70b-versatile": 5, "llama3-8b-8192": 1, "llama-3.1-8b-instant": 3}, "minute_start": {"llama-3.3-70b-versatile": 1779005457.8972762, "llama3-8b-8192": 1769603581.3112519, "llama-3.1-8b-instant": 1778936581.9316585}}