{"daily_tokens": {"llama-3.3-70b-versatile": 57677, "llama-3.1-8b-instant": 6501}, "last_reset": "2026-05-18", "last_request_time": {"llama-3.3-70b-versatile": 1779132466.2565975, "llama3-8b-8192": 1769603581.311255, "llama-3.1-8b-instant": 1779132491.376011}, "request_count": {"llama-3.3-70b-versatile": 7, "llama3-8b-8192": 1, "llama-3.1-8b-instant": 1}, "minute_start": {"llama-3.3-70b-versatile": 1779132415.0612955, "llama3-8b-8192": 1769603581.3112519, "llama-3.1-8b-instant": 1779132491.376007}}