{"daily_tokens": {"llama-3.3-70b-versatile": 2978}, "last_reset": "2026-02-05", "last_request_time": {"llama-3.3-70b-versatile": 1770274078.761445, "llama3-8b-8192": 1769603581.311255, "llama-3.1-8b-instant": 1769700507.8615365}, "request_count": {"llama-3.3-70b-versatile": 2, "llama3-8b-8192": 1, "llama-3.1-8b-instant": 1}, "minute_start": {"llama-3.3-70b-versatile": 1770274075.1808894, "llama3-8b-8192": 1769603581.3112519, "llama-3.1-8b-instant": 1769700507.8615327}}