{"daily_tokens": {"llama-3.3-70b-versatile": 5153}, "last_reset": "2026-02-14", "last_request_time": {"llama-3.3-70b-versatile": 1771082283.5847979, "llama3-8b-8192": 1769603581.311255, "llama-3.1-8b-instant": 1769700507.8615365}, "request_count": {"llama-3.3-70b-versatile": 2, "llama3-8b-8192": 1, "llama-3.1-8b-instant": 1}, "minute_start": {"llama-3.3-70b-versatile": 1771082280.2047677, "llama3-8b-8192": 1769603581.3112519, "llama-3.1-8b-instant": 1769700507.8615327}}