{"daily_tokens": {"llama-3.3-70b-versatile": 12195, "llama-3.1-8b-instant": 1790}, "last_reset": "2026-06-12", "last_request_time": {"llama-3.3-70b-versatile": 1781285551.2236323, "llama3-8b-8192": 1769603581.311255, "llama-3.1-8b-instant": 1781258306.864145}, "request_count": {"llama-3.3-70b-versatile": 1, "llama3-8b-8192": 1, "llama-3.1-8b-instant": 1}, "minute_start": {"llama-3.3-70b-versatile": 1781285551.2236292, "llama3-8b-8192": 1769603581.3112519, "llama-3.1-8b-instant": 1781258306.8641422}}