{"daily_tokens": {"llama-3.3-70b-versatile": 41949, "llama-3.1-8b-instant": 1868}, "last_reset": "2026-05-17", "last_request_time": {"llama-3.3-70b-versatile": 1779033130.9626818, "llama3-8b-8192": 1769603581.311255, "llama-3.1-8b-instant": 1779022836.718154}, "request_count": {"llama-3.3-70b-versatile": 4, "llama3-8b-8192": 1, "llama-3.1-8b-instant": 1}, "minute_start": {"llama-3.3-70b-versatile": 1779033118.2962122, "llama3-8b-8192": 1769603581.3112519, "llama-3.1-8b-instant": 1779022836.7181497}}