{"daily_tokens": {"llama-3.3-70b-versatile": 17412, "llama-3.1-8b-instant": 1927}, "last_reset": "2026-05-24", "last_request_time": {"llama-3.3-70b-versatile": 1779627892.5391102, "llama3-8b-8192": 1769603581.311255, "llama-3.1-8b-instant": 1779610809.852664}, "request_count": {"llama-3.3-70b-versatile": 3, "llama3-8b-8192": 1, "llama-3.1-8b-instant": 1}, "minute_start": {"llama-3.3-70b-versatile": 1779627886.5434916, "llama3-8b-8192": 1769603581.3112519, "llama-3.1-8b-instant": 1779610809.85266}}