{"daily_tokens": {"llama-3.1-8b-instant": 4989, "llama-3.3-70b-versatile": 27992}, "last_reset": "2026-06-15", "last_request_time": {"llama-3.3-70b-versatile": 1781556444.2329903, "llama3-8b-8192": 1769603581.311255, "llama-3.1-8b-instant": 1781524136.1893182}, "request_count": {"llama-3.3-70b-versatile": 3, "llama3-8b-8192": 1, "llama-3.1-8b-instant": 2}, "minute_start": {"llama-3.3-70b-versatile": 1781556439.4168441, "llama3-8b-8192": 1769603581.3112519, "llama-3.1-8b-instant": 1781524091.0872524}}