{"daily_tokens": {"llama-3.3-70b-versatile": 59212, "llama-3.1-8b-instant": 11671}, "last_reset": "2026-04-24", "last_request_time": {"llama-3.3-70b-versatile": 1777056160.8015823, "llama3-8b-8192": 1769603581.311255, "llama-3.1-8b-instant": 1777056183.520363}, "request_count": {"llama-3.3-70b-versatile": 3, "llama3-8b-8192": 1, "llama-3.1-8b-instant": 1}, "minute_start": {"llama-3.3-70b-versatile": 1777056154.720427, "llama3-8b-8192": 1769603581.3112519, "llama-3.1-8b-instant": 1777056183.5203593}}