{"daily_tokens": {"llama-3.3-70b-versatile": 17338, "llama-3.1-8b-instant": 2086}, "last_reset": "2026-06-02", "last_request_time": {"llama-3.3-70b-versatile": 1780432592.9217741, "llama3-8b-8192": 1769603581.311255, "llama-3.1-8b-instant": 1780432595.3902156}, "request_count": {"llama-3.3-70b-versatile": 1, "llama3-8b-8192": 1, "llama-3.1-8b-instant": 1}, "minute_start": {"llama-3.3-70b-versatile": 1780432592.9217708, "llama3-8b-8192": 1769603581.3112519, "llama-3.1-8b-instant": 1780432595.3902116}}