{"daily_tokens": {"llama-3.3-70b-versatile": 50602, "llama-3.1-8b-instant": 6001}, "last_reset": "2026-04-27", "last_request_time": {"llama-3.3-70b-versatile": 1777316876.0048487, "llama3-8b-8192": 1769603581.311255, "llama-3.1-8b-instant": 1777306859.858527}, "request_count": {"llama-3.3-70b-versatile": 5, "llama3-8b-8192": 1, "llama-3.1-8b-instant": 1}, "minute_start": {"llama-3.3-70b-versatile": 1777316861.8482244, "llama3-8b-8192": 1769603581.3112519, "llama-3.1-8b-instant": 1777306859.8585224}}