{"daily_tokens": {"llama-3.1-8b-instant": 1839, "llama-3.3-70b-versatile": 6251}, "last_reset": "2026-01-29", "last_request_time": {"llama-3.3-70b-versatile": 1769690300.111916, "llama3-8b-8192": 1769603581.311255, "llama-3.1-8b-instant": 1769690299.891641}, "request_count": {"llama-3.3-70b-versatile": 5, "llama3-8b-8192": 1, "llama-3.1-8b-instant": 5}, "minute_start": {"llama-3.3-70b-versatile": 1769690288.978648, "llama3-8b-8192": 1769603581.3112519, "llama-3.1-8b-instant": 1769690288.778496}}