{"daily_tokens": {"llama-3.3-70b-versatile": 5087}, "last_reset": "2026-05-22", "last_request_time": {"llama-3.3-70b-versatile": 1779439839.6573339, "llama3-8b-8192": 1769603581.311255, "llama-3.1-8b-instant": 1779384426.7581747}, "request_count": {"llama-3.3-70b-versatile": 2, "llama3-8b-8192": 1, "llama-3.1-8b-instant": 1}, "minute_start": {"llama-3.3-70b-versatile": 1779439837.5000558, "llama3-8b-8192": 1769603581.3112519, "llama-3.1-8b-instant": 1779384426.7581701}}