{"daily_tokens": {"llama-3.3-70b-versatile": 15334}, "last_reset": "2026-05-06", "last_request_time": {"llama-3.3-70b-versatile": 1778075313.043701, "llama3-8b-8192": 1769603581.311255, "llama-3.1-8b-instant": 1778008072.944145}, "request_count": {"llama-3.3-70b-versatile": 3, "llama3-8b-8192": 1, "llama-3.1-8b-instant": 2}, "minute_start": {"llama-3.3-70b-versatile": 1778075304.6882167, "llama3-8b-8192": 1769603581.3112519, "llama-3.1-8b-instant": 1778008069.3619852}}