{"daily_tokens": {"llama-3.3-70b-versatile": 41802, "llama-3.1-8b-instant": 3834}, "last_reset": "2026-05-19", "last_request_time": {"llama-3.3-70b-versatile": 1779201813.7617888, "llama3-8b-8192": 1769603581.311255, "llama-3.1-8b-instant": 1779201786.8598068}, "request_count": {"llama-3.3-70b-versatile": 3, "llama3-8b-8192": 1, "llama-3.1-8b-instant": 1}, "minute_start": {"llama-3.3-70b-versatile": 1779201789.7681012, "llama3-8b-8192": 1769603581.3112519, "llama-3.1-8b-instant": 1779201786.8598037}}