{"daily_tokens": {"llama-3.3-70b-versatile": 48143}, "last_reset": "2026-06-19", "last_request_time": {"llama-3.3-70b-versatile": 1781880517.2406225, "llama3-8b-8192": 1769603581.311255, "llama-3.1-8b-instant": 1781813642.8812146}, "request_count": {"llama-3.3-70b-versatile": 1, "llama3-8b-8192": 1, "llama-3.1-8b-instant": 1}, "minute_start": {"llama-3.3-70b-versatile": 1781880517.2406194, "llama3-8b-8192": 1769603581.3112519, "llama-3.1-8b-instant": 1781813642.8812106}}