{"daily_tokens": {"llama-3.3-70b-versatile": 22667, "llama-3.1-8b-instant": 1963}, "last_reset": "2026-04-29", "last_request_time": {"llama-3.3-70b-versatile": 1777449899.0969212, "llama3-8b-8192": 1769603581.311255, "llama-3.1-8b-instant": 1777449915.5059822}, "request_count": {"llama-3.3-70b-versatile": 4, "llama3-8b-8192": 1, "llama-3.1-8b-instant": 1}, "minute_start": {"llama-3.3-70b-versatile": 1777449844.2727156, "llama3-8b-8192": 1769603581.3112519, "llama-3.1-8b-instant": 1777449915.5059779}}