{"daily_tokens": {"llama-3.3-70b-versatile": 48268, "llama-3.1-8b-instant": 7284}, "last_reset": "2026-04-24", "last_request_time": {"llama-3.3-70b-versatile": 1777035990.063295, "llama3-8b-8192": 1769603581.311255, "llama-3.1-8b-instant": 1777035893.136273}, "request_count": {"llama-3.3-70b-versatile": 2, "llama3-8b-8192": 1, "llama-3.1-8b-instant": 1}, "minute_start": {"llama-3.3-70b-versatile": 1777035967.4438348, "llama3-8b-8192": 1769603581.3112519, "llama-3.1-8b-instant": 1777035893.1362684}}