{"daily_tokens": {"llama-3.3-70b-versatile": 4773}, "last_reset": "2026-02-06", "last_request_time": {"llama-3.3-70b-versatile": 1770381653.7495444, "llama3-8b-8192": 1769603581.311255, "llama-3.1-8b-instant": 1769700507.8615365}, "request_count": {"llama-3.3-70b-versatile": 3, "llama3-8b-8192": 1, "llama-3.1-8b-instant": 1}, "minute_start": {"llama-3.3-70b-versatile": 1770381646.8773248, "llama3-8b-8192": 1769603581.3112519, "llama-3.1-8b-instant": 1769700507.8615327}}