{"daily_tokens": {"llama-3.1-8b-instant": 416, "llama-3.3-70b-versatile": 1439}, "last_reset": "2026-01-28", "last_request_time": {"llama-3.3-70b-versatile": 1769603586.683603, "llama3-8b-8192": 1769603581.311255, "llama-3.1-8b-instant": 1769603586.4300468}, "request_count": {"llama-3.3-70b-versatile": 1, "llama3-8b-8192": 1, "llama-3.1-8b-instant": 1}, "minute_start": {"llama-3.3-70b-versatile": 1769603586.683601, "llama3-8b-8192": 1769603581.3112519, "llama-3.1-8b-instant": 1769603586.4300425}}