{"daily_tokens": {"llama-3.3-70b-versatile": 2383, "llama-3.1-8b-instant": 585}, "last_reset": "2026-01-27", "last_request_time": {"llama-3.3-70b-versatile": 1769538506.2008224, "llama3-8b-8192": 1769538500.8858395, "llama-3.1-8b-instant": 1769538506.0496795}, "request_count": {"llama-3.3-70b-versatile": 1, "llama3-8b-8192": 1, "llama-3.1-8b-instant": 1}, "minute_start": {"llama-3.3-70b-versatile": 1769538506.20082, "llama3-8b-8192": 1769538500.8858345, "llama-3.1-8b-instant": 1769538506.0496755}}