{"daily_tokens": {"llama-3.1-8b-instant": 4176, "llama-3.3-70b-versatile": 29926}, "last_reset": "2026-05-21", "last_request_time": {"llama-3.3-70b-versatile": 1779392679.644311, "llama3-8b-8192": 1769603581.311255, "llama-3.1-8b-instant": 1779384426.7581747}, "request_count": {"llama-3.3-70b-versatile": 4, "llama3-8b-8192": 1, "llama-3.1-8b-instant": 1}, "minute_start": {"llama-3.3-70b-versatile": 1779392654.0834732, "llama3-8b-8192": 1769603581.3112519, "llama-3.1-8b-instant": 1779384426.7581701}}