{"daily_tokens": {"llama-3.3-70b-versatile": 48863, "llama-3.1-8b-instant": 5614}, "last_reset": "2026-05-08", "last_request_time": {"llama-3.3-70b-versatile": 1778256713.6577697, "llama3-8b-8192": 1769603581.311255, "llama-3.1-8b-instant": 1778256584.9147518}, "request_count": {"llama-3.3-70b-versatile": 1, "llama3-8b-8192": 1, "llama-3.1-8b-instant": 1}, "minute_start": {"llama-3.3-70b-versatile": 1778256713.657766, "llama3-8b-8192": 1769603581.3112519, "llama-3.1-8b-instant": 1778256584.9147472}}