{"daily_tokens": {"llama-3.3-70b-versatile": 20604}, "last_reset": "2026-05-08", "last_request_time": {"llama-3.3-70b-versatile": 1778224789.8140066, "llama3-8b-8192": 1769603581.311255, "llama-3.1-8b-instant": 1778182091.585391}, "request_count": {"llama-3.3-70b-versatile": 1, "llama3-8b-8192": 1, "llama-3.1-8b-instant": 1}, "minute_start": {"llama-3.3-70b-versatile": 1778224789.8140023, "llama3-8b-8192": 1769603581.3112519, "llama-3.1-8b-instant": 1778182091.5853868}}