{"daily_tokens": {"llama-3.1-8b-instant": 2357, "llama-3.3-70b-versatile": 10493}, "last_reset": "2026-05-21", "last_request_time": {"llama-3.3-70b-versatile": 1779374749.7176533, "llama3-8b-8192": 1769603581.311255, "llama-3.1-8b-instant": 1779349710.776211}, "request_count": {"llama-3.3-70b-versatile": 2, "llama3-8b-8192": 1, "llama-3.1-8b-instant": 1}, "minute_start": {"llama-3.3-70b-versatile": 1779374747.03125, "llama3-8b-8192": 1769603581.3112519, "llama-3.1-8b-instant": 1779349710.7762058}}