{"daily_tokens": {"llama-3.3-70b-versatile": 25095, "llama-3.1-8b-instant": 5941}, "last_reset": "2026-06-18", "last_request_time": {"llama-3.3-70b-versatile": 1781794334.094348, "llama3-8b-8192": 1769603581.311255, "llama-3.1-8b-instant": 1781794345.4208121}, "request_count": {"llama-3.3-70b-versatile": 2, "llama3-8b-8192": 1, "llama-3.1-8b-instant": 1}, "minute_start": {"llama-3.3-70b-versatile": 1781794318.9247906, "llama3-8b-8192": 1769603581.3112519, "llama-3.1-8b-instant": 1781794345.4208086}}