{"daily_tokens": {"llama-3.1-8b-instant": 10097, "llama-3.3-70b-versatile": 41363}, "last_reset": "2026-04-30", "last_request_time": {"llama-3.3-70b-versatile": 1777576158.4015682, "llama3-8b-8192": 1769603581.311255, "llama-3.1-8b-instant": 1777576059.3802433}, "request_count": {"llama-3.3-70b-versatile": 3, "llama3-8b-8192": 1, "llama-3.1-8b-instant": 1}, "minute_start": {"llama-3.3-70b-versatile": 1777576152.7906504, "llama3-8b-8192": 1769603581.3112519, "llama-3.1-8b-instant": 1777576059.3802397}}