{"daily_tokens": {"llama-3.3-70b-versatile": 42859, "llama-3.1-8b-instant": 2040}, "last_reset": "2026-04-25", "last_request_time": {"llama-3.3-70b-versatile": 1777142316.9544919, "llama3-8b-8192": 1769603581.311255, "llama-3.1-8b-instant": 1777121025.1842637}, "request_count": {"llama-3.3-70b-versatile": 4, "llama3-8b-8192": 1, "llama-3.1-8b-instant": 1}, "minute_start": {"llama-3.3-70b-versatile": 1777142302.3595243, "llama3-8b-8192": 1769603581.3112519, "llama-3.1-8b-instant": 1777121025.1842585}}