{"daily_tokens": {"llama-3.3-70b-versatile": 29698, "llama-3.1-8b-instant": 5640}, "last_reset": "2026-05-01", "last_request_time": {"llama-3.3-70b-versatile": 1777650636.8642514, "llama3-8b-8192": 1769603581.311255, "llama-3.1-8b-instant": 1777650542.2489684}, "request_count": {"llama-3.3-70b-versatile": 1, "llama3-8b-8192": 1, "llama-3.1-8b-instant": 1}, "minute_start": {"llama-3.3-70b-versatile": 1777650636.8642466, "llama3-8b-8192": 1769603581.3112519, "llama-3.1-8b-instant": 1777650542.2489634}}