{"daily_tokens": {"llama-3.3-70b-versatile": 30282, "llama-3.1-8b-instant": 1769}, "last_reset": "2026-06-09", "last_request_time": {"llama-3.3-70b-versatile": 1781035079.1816742, "llama3-8b-8192": 1769603581.311255, "llama-3.1-8b-instant": 1781035080.9698203}, "request_count": {"llama-3.3-70b-versatile": 2, "llama3-8b-8192": 1, "llama-3.1-8b-instant": 1}, "minute_start": {"llama-3.3-70b-versatile": 1781035076.8847523, "llama3-8b-8192": 1769603581.3112519, "llama-3.1-8b-instant": 1781035080.9698174}}