{"daily_tokens": {"llama-3.3-70b-versatile": 4991}, "last_reset": "2026-04-28", "last_request_time": {"llama-3.3-70b-versatile": 1777363808.2048, "llama3-8b-8192": 1769603581.311255, "llama-3.1-8b-instant": 1777306859.858527}, "request_count": {"llama-3.3-70b-versatile": 2, "llama3-8b-8192": 1, "llama-3.1-8b-instant": 1}, "minute_start": {"llama-3.3-70b-versatile": 1777363803.0867527, "llama3-8b-8192": 1769603581.3112519, "llama-3.1-8b-instant": 1777306859.8585224}}