{"daily_tokens": {"llama-3.3-70b-versatile": 12450, "llama-3.1-8b-instant": 4625}, "last_reset": "2026-05-18", "last_request_time": {"llama-3.3-70b-versatile": 1779116321.2026615, "llama3-8b-8192": 1769603581.311255, "llama-3.1-8b-instant": 1779116341.918917}, "request_count": {"llama-3.3-70b-versatile": 3, "llama3-8b-8192": 1, "llama-3.1-8b-instant": 1}, "minute_start": {"llama-3.3-70b-versatile": 1779116314.4487085, "llama3-8b-8192": 1769603581.3112519, "llama-3.1-8b-instant": 1779116341.9189103}}