{"daily_tokens": {"llama-3.3-70b-versatile": 5403}, "last_reset": "2026-06-16", "last_request_time": {"llama-3.3-70b-versatile": 1781607390.9942656, "llama3-8b-8192": 1769603581.311255, "llama-3.1-8b-instant": 1781524136.1893182}, "request_count": {"llama-3.3-70b-versatile": 2, "llama3-8b-8192": 1, "llama-3.1-8b-instant": 2}, "minute_start": {"llama-3.3-70b-versatile": 1781607388.489675, "llama3-8b-8192": 1769603581.3112519, "llama-3.1-8b-instant": 1781524091.0872524}}