{"daily_tokens": {"llama-3.1-8b-instant": 2357}, "last_reset": "2026-05-21", "last_request_time": {"llama-3.3-70b-versatile": 1779307460.3442662, "llama3-8b-8192": 1769603581.311255, "llama-3.1-8b-instant": 1779349710.776211}, "request_count": {"llama-3.3-70b-versatile": 5, "llama3-8b-8192": 1, "llama-3.1-8b-instant": 1}, "minute_start": {"llama-3.3-70b-versatile": 1779307420.1135442, "llama3-8b-8192": 1769603581.3112519, "llama-3.1-8b-instant": 1779349710.7762058}}