{"daily_tokens": {"llama-3.3-70b-versatile": 7410}, "last_reset": "2026-05-23", "last_request_time": {"llama-3.3-70b-versatile": 1779523655.1619737, "llama3-8b-8192": 1769603581.311255, "llama-3.1-8b-instant": 1779477903.2429368}, "request_count": {"llama-3.3-70b-versatile": 3, "llama3-8b-8192": 1, "llama-3.1-8b-instant": 1}, "minute_start": {"llama-3.3-70b-versatile": 1779523649.0885253, "llama3-8b-8192": 1769603581.3112519, "llama-3.1-8b-instant": 1779477903.242933}}