{"daily_tokens": {"llama-3.1-8b-instant": 2315}, "last_reset": "2026-06-13", "last_request_time": {"llama-3.3-70b-versatile": 1781294183.4464233, "llama3-8b-8192": 1769603581.311255, "llama-3.1-8b-instant": 1781340468.119277}, "request_count": {"llama-3.3-70b-versatile": 1, "llama3-8b-8192": 1, "llama-3.1-8b-instant": 1}, "minute_start": {"llama-3.3-70b-versatile": 1781294183.4464197, "llama3-8b-8192": 1769603581.3112519, "llama-3.1-8b-instant": 1781340468.1192732}}