{"daily_tokens": {"llama-3.3-70b-versatile": 10311}, "last_reset": "2026-06-10", "last_request_time": {"llama-3.3-70b-versatile": 1781103386.8240824, "llama3-8b-8192": 1769603581.311255, "llama-3.1-8b-instant": 1781035080.9698203}, "request_count": {"llama-3.3-70b-versatile": 1, "llama3-8b-8192": 1, "llama-3.1-8b-instant": 1}, "minute_start": {"llama-3.3-70b-versatile": 1781103386.824078, "llama3-8b-8192": 1769603581.3112519, "llama-3.1-8b-instant": 1781035080.9698174}}