{"daily_tokens": {"llama-3.3-70b-versatile": 27924}, "last_reset": "2026-06-20", "last_request_time": {"llama-3.3-70b-versatile": 1781982711.0503147, "llama3-8b-8192": 1769603581.311255, "llama-3.1-8b-instant": 1781813642.8812146}, "request_count": {"llama-3.3-70b-versatile": 2, "llama3-8b-8192": 1, "llama-3.1-8b-instant": 1}, "minute_start": {"llama-3.3-70b-versatile": 1781982707.352881, "llama3-8b-8192": 1769603581.3112519, "llama-3.1-8b-instant": 1781813642.8812106}}