{"daily_tokens": {"llama-3.3-70b-versatile": 15716, "llama-3.1-8b-instant": 2009}, "last_reset": "2026-05-20", "last_request_time": {"llama-3.3-70b-versatile": 1779288025.7076678, "llama3-8b-8192": 1769603581.311255, "llama-3.1-8b-instant": 1779267364.4180799}, "request_count": {"llama-3.3-70b-versatile": 1, "llama3-8b-8192": 1, "llama-3.1-8b-instant": 1}, "minute_start": {"llama-3.3-70b-versatile": 1779288025.7076635, "llama3-8b-8192": 1769603581.3112519, "llama-3.1-8b-instant": 1779267364.4180753}}