{"daily_tokens": {"llama-3.1-8b-instant": 1986, "llama-3.3-70b-versatile": 10384}, "last_reset": "2026-06-08", "last_request_time": {"llama-3.3-70b-versatile": 1780949018.8079975, "llama3-8b-8192": 1769603581.311255, "llama-3.1-8b-instant": 1780914012.6339428}, "request_count": {"llama-3.3-70b-versatile": 2, "llama3-8b-8192": 1, "llama-3.1-8b-instant": 1}, "minute_start": {"llama-3.3-70b-versatile": 1780949014.9140337, "llama3-8b-8192": 1769603581.3112519, "llama-3.1-8b-instant": 1780914012.6339393}}