{"daily_tokens": {"llama-3.3-70b-versatile": 12294}, "last_reset": "2026-06-27", "last_request_time": {"llama-3.3-70b-versatile": 1782566114.9110763, "llama3-8b-8192": 1769603581.311255, "llama-3.1-8b-instant": 1782502138.6206803}, "request_count": {"llama-3.3-70b-versatile": 3, "llama3-8b-8192": 1, "llama-3.1-8b-instant": 1}, "minute_start": {"llama-3.3-70b-versatile": 1782566108.9142356, "llama3-8b-8192": 1769603581.3112519, "llama-3.1-8b-instant": 1782502138.6206748}}