{"daily_tokens": {"llama-3.3-70b-versatile": 7137, "llama-3.1-8b-instant": 1790}, "last_reset": "2026-06-12", "last_request_time": {"llama-3.3-70b-versatile": 1781258304.9196568, "llama3-8b-8192": 1769603581.311255, "llama-3.1-8b-instant": 1781258306.864145}, "request_count": {"llama-3.3-70b-versatile": 3, "llama3-8b-8192": 1, "llama-3.1-8b-instant": 1}, "minute_start": {"llama-3.3-70b-versatile": 1781258297.0302696, "llama3-8b-8192": 1769603581.3112519, "llama-3.1-8b-instant": 1781258306.8641422}}