{"daily_tokens": {"llama-3.3-70b-versatile": 27859, "llama-3.1-8b-instant": 4033}, "last_reset": "2026-05-28", "last_request_time": {"llama-3.3-70b-versatile": 1779982411.9916985, "llama3-8b-8192": 1769603581.311255, "llama-3.1-8b-instant": 1779982313.4162843}, "request_count": {"llama-3.3-70b-versatile": 3, "llama3-8b-8192": 1, "llama-3.1-8b-instant": 1}, "minute_start": {"llama-3.3-70b-versatile": 1779982382.7123294, "llama3-8b-8192": 1769603581.3112519, "llama-3.1-8b-instant": 1779982313.4162807}}