{"daily_tokens": {"llama-3.3-70b-versatile": 7542}, "last_reset": "2026-04-27", "last_request_time": {"llama-3.3-70b-versatile": 1777277297.0917397, "llama3-8b-8192": 1769603581.311255, "llama-3.1-8b-instant": 1777217905.9179668}, "request_count": {"llama-3.3-70b-versatile": 3, "llama3-8b-8192": 1, "llama-3.1-8b-instant": 2}, "minute_start": {"llama-3.3-70b-versatile": 1777277291.7134788, "llama3-8b-8192": 1769603581.3112519, "llama-3.1-8b-instant": 1777217850.1389227}}