{"daily_tokens": {"llama-3.3-70b-versatile": 7072}, "last_reset": "2026-04-22", "last_request_time": {"llama-3.3-70b-versatile": 1776884501.6184714, "llama3-8b-8192": 1769603581.311255, "llama-3.1-8b-instant": 1769700507.8615365}, "request_count": {"llama-3.3-70b-versatile": 1, "llama3-8b-8192": 1, "llama-3.1-8b-instant": 1}, "minute_start": {"llama-3.3-70b-versatile": 1776884501.6184678, "llama3-8b-8192": 1769603581.3112519, "llama-3.1-8b-instant": 1769700507.8615327}}