{"daily_tokens": {"llama-3.3-70b-versatile": 28451, "llama-3.1-8b-instant": 3887}, "last_reset": "2026-06-05", "last_request_time": {"llama-3.3-70b-versatile": 1780688589.8513935, "llama3-8b-8192": 1769603581.311255, "llama-3.1-8b-instant": 1780688585.704028}, "request_count": {"llama-3.3-70b-versatile": 2, "llama3-8b-8192": 1, "llama-3.1-8b-instant": 1}, "minute_start": {"llama-3.3-70b-versatile": 1780688587.5081563, "llama3-8b-8192": 1769603581.3112519, "llama-3.1-8b-instant": 1780688585.704024}}