{"daily_tokens": {"llama-3.3-70b-versatile": 20281}, "last_reset": "2026-05-10", "last_request_time": {"llama-3.3-70b-versatile": 1778417990.301146, "llama3-8b-8192": 1769603581.311255, "llama-3.1-8b-instant": 1778331522.815123}, "request_count": {"llama-3.3-70b-versatile": 1, "llama3-8b-8192": 1, "llama-3.1-8b-instant": 1}, "minute_start": {"llama-3.3-70b-versatile": 1778417990.3011422, "llama3-8b-8192": 1769603581.3112519, "llama-3.1-8b-instant": 1778331522.8151188}}