{"daily_tokens": {"llama-3.3-70b-versatile": 15661}, "last_reset": "2026-06-04", "last_request_time": {"llama-3.3-70b-versatile": 1780594750.5515518, "llama3-8b-8192": 1769603581.311255, "llama-3.1-8b-instant": 1780432595.3902156}, "request_count": {"llama-3.3-70b-versatile": 1, "llama3-8b-8192": 1, "llama-3.1-8b-instant": 1}, "minute_start": {"llama-3.3-70b-versatile": 1780594750.5515482, "llama3-8b-8192": 1769603581.3112519, "llama-3.1-8b-instant": 1780432595.3902116}}