{"daily_tokens": {"llama-3.3-70b-versatile": 54988}, "last_reset": "2026-06-17", "last_request_time": {"llama-3.3-70b-versatile": 1781718425.8676476, "llama3-8b-8192": 1769603581.311255, "llama-3.1-8b-instant": 1781642492.147698}, "request_count": {"llama-3.3-70b-versatile": 1, "llama3-8b-8192": 1, "llama-3.1-8b-instant": 1}, "minute_start": {"llama-3.3-70b-versatile": 1781718425.867643, "llama3-8b-8192": 1769603581.3112519, "llama-3.1-8b-instant": 1781642492.1476934}}