{"daily_tokens": {"llama-3.3-70b-versatile": 7538}, "last_reset": "2026-05-03", "last_request_time": {"llama-3.3-70b-versatile": 1777794600.2661176, "llama3-8b-8192": 1769603581.311255, "llama-3.1-8b-instant": 1777747601.4320786}, "request_count": {"llama-3.3-70b-versatile": 3, "llama3-8b-8192": 1, "llama-3.1-8b-instant": 1}, "minute_start": {"llama-3.3-70b-versatile": 1777794592.6471968, "llama3-8b-8192": 1769603581.3112519, "llama-3.1-8b-instant": 1777747601.432075}}