{"daily_tokens": {"llama-3.3-70b-versatile": 15619}, "last_reset": "2026-05-07", "last_request_time": {"llama-3.3-70b-versatile": 1778142014.6269584, "llama3-8b-8192": 1769603581.311255, "llama-3.1-8b-instant": 1778084666.2300816}, "request_count": {"llama-3.3-70b-versatile": 6, "llama3-8b-8192": 1, "llama-3.1-8b-instant": 2}, "minute_start": {"llama-3.3-70b-versatile": 1778141975.2365286, "llama3-8b-8192": 1769603581.3112519, "llama-3.1-8b-instant": 1778084614.3371284}}