{"daily_tokens": {"llama-3.1-8b-instant": 1926, "llama-3.3-70b-versatile": 6135}, "last_reset": "2026-01-28", "last_request_time": {"llama-3.3-70b-versatile": 1769624883.117057, "llama3-8b-8192": 1769603581.311255, "llama-3.1-8b-instant": 1769624882.9782648}, "request_count": {"llama-3.3-70b-versatile": 3, "llama3-8b-8192": 1, "llama-3.1-8b-instant": 3}, "minute_start": {"llama-3.3-70b-versatile": 1769624877.4683208, "llama3-8b-8192": 1769603581.3112519, "llama-3.1-8b-instant": 1769624877.1911628}}