{"daily_tokens": {"llama-3.3-70b-versatile": 4533}, "last_reset": "2026-03-25", "last_request_time": {"llama-3.3-70b-versatile": 1774454526.645434, "llama3-8b-8192": 1769603581.311255, "llama-3.1-8b-instant": 1769700507.8615365}, "request_count": {"llama-3.3-70b-versatile": 1, "llama3-8b-8192": 1, "llama-3.1-8b-instant": 1}, "minute_start": {"llama-3.3-70b-versatile": 1774454526.6454298, "llama3-8b-8192": 1769603581.3112519, "llama-3.1-8b-instant": 1769700507.8615327}}