{"daily_tokens": {"llama-3.1-8b-instant": 7847, "llama-3.3-70b-versatile": 20669}, "last_reset": "2026-04-30", "last_request_time": {"llama-3.3-70b-versatile": 1777565613.349508, "llama3-8b-8192": 1769603581.311255, "llama-3.1-8b-instant": 1777536471.9116943}, "request_count": {"llama-3.3-70b-versatile": 3, "llama3-8b-8192": 1, "llama-3.1-8b-instant": 1}, "minute_start": {"llama-3.3-70b-versatile": 1777565607.0416353, "llama3-8b-8192": 1769603581.3112519, "llama-3.1-8b-instant": 1777536471.911691}}