{"daily_tokens": {"llama-3.3-70b-versatile": 5236}, "last_reset": "2026-04-04", "last_request_time": {"llama-3.3-70b-versatile": 1775306189.8124735, "llama3-8b-8192": 1769603581.311255, "llama-3.1-8b-instant": 1769700507.8615365}, "request_count": {"llama-3.3-70b-versatile": 2, "llama3-8b-8192": 1, "llama-3.1-8b-instant": 1}, "minute_start": {"llama-3.3-70b-versatile": 1775306186.4225292, "llama3-8b-8192": 1769603581.3112519, "llama-3.1-8b-instant": 1769700507.8615327}}