{"daily_tokens": {"llama-3.3-70b-versatile": 13144}, "last_reset": "2026-05-13", "last_request_time": {"llama-3.3-70b-versatile": 1778661361.3828728, "llama3-8b-8192": 1769603581.311255, "llama-3.1-8b-instant": 1778520047.225631}, "request_count": {"llama-3.3-70b-versatile": 5, "llama3-8b-8192": 1, "llama-3.1-8b-instant": 1}, "minute_start": {"llama-3.3-70b-versatile": 1778661317.4894638, "llama3-8b-8192": 1769603581.3112519, "llama-3.1-8b-instant": 1778520047.2256258}}