{"daily_tokens": {"llama-3.3-70b-versatile": 41567, "llama-3.1-8b-instant": 1927}, "last_reset": "2026-05-24", "last_request_time": {"llama-3.3-70b-versatile": 1779638285.4956455, "llama3-8b-8192": 1769603581.311255, "llama-3.1-8b-instant": 1779610809.852664}, "request_count": {"llama-3.3-70b-versatile": 4, "llama3-8b-8192": 1, "llama-3.1-8b-instant": 1}, "minute_start": {"llama-3.3-70b-versatile": 1779638247.2677302, "llama3-8b-8192": 1769603581.3112519, "llama-3.1-8b-instant": 1779610809.85266}}