{"daily_tokens": {"llama-3.3-70b-versatile": 5069}, "last_reset": "2026-06-02", "last_request_time": {"llama-3.3-70b-versatile": 1780394850.0250647, "llama3-8b-8192": 1769603581.311255, "llama-3.1-8b-instant": 1779982313.4162843}, "request_count": {"llama-3.3-70b-versatile": 2, "llama3-8b-8192": 1, "llama-3.1-8b-instant": 1}, "minute_start": {"llama-3.3-70b-versatile": 1780394847.6027663, "llama3-8b-8192": 1769603581.3112519, "llama-3.1-8b-instant": 1779982313.4162807}}