{"daily_tokens": {"llama-3.3-70b-versatile": 27211, "llama-3.1-8b-instant": 3830}, "last_reset": "2026-06-30", "last_request_time": {"llama-3.3-70b-versatile": 1782838932.3922262, "llama3-8b-8192": 1769603581.311255, "llama-3.1-8b-instant": 1782838903.5048923}, "request_count": {"llama-3.3-70b-versatile": 1, "llama3-8b-8192": 1, "llama-3.1-8b-instant": 1}, "minute_start": {"llama-3.3-70b-versatile": 1782838932.3922231, "llama3-8b-8192": 1769603581.3112519, "llama-3.1-8b-instant": 1782838903.504889}}