{"daily_tokens": {"llama-3.3-70b-versatile": 3065}, "last_reset": "2026-04-17", "last_request_time": {"llama-3.3-70b-versatile": 1776430810.9842293, "llama3-8b-8192": 1769603581.311255, "llama-3.1-8b-instant": 1769700507.8615365}, "request_count": {"llama-3.3-70b-versatile": 1, "llama3-8b-8192": 1, "llama-3.1-8b-instant": 1}, "minute_start": {"llama-3.3-70b-versatile": 1776430810.9842255, "llama3-8b-8192": 1769603581.3112519, "llama-3.1-8b-instant": 1769700507.8615327}}