{"daily_tokens": {"llama-3.3-70b-versatile": 49107, "llama-3.1-8b-instant": 6192}, "last_reset": "2026-05-13", "last_request_time": {"llama-3.3-70b-versatile": 1778701387.110543, "llama3-8b-8192": 1769603581.311255, "llama-3.1-8b-instant": 1778701399.2809653}, "request_count": {"llama-3.3-70b-versatile": 4, "llama3-8b-8192": 1, "llama-3.1-8b-instant": 1}, "minute_start": {"llama-3.3-70b-versatile": 1778701358.5584886, "llama3-8b-8192": 1769603581.3112519, "llama-3.1-8b-instant": 1778701399.280962}}