{"daily_tokens": {"llama-3.3-70b-versatile": 12562}, "last_reset": "2026-06-11", "last_request_time": {"llama-3.3-70b-versatile": 1781172573.68566, "llama3-8b-8192": 1769603581.311255, "llama-3.1-8b-instant": 1781122470.7111332}, "request_count": {"llama-3.3-70b-versatile": 5, "llama3-8b-8192": 1, "llama-3.1-8b-instant": 1}, "minute_start": {"llama-3.3-70b-versatile": 1781172536.0873518, "llama3-8b-8192": 1769603581.3112519, "llama-3.1-8b-instant": 1781122470.71113}}