{"daily_tokens": {"llama-3.3-70b-versatile": 3366}, "last_reset": "2026-02-23", "last_request_time": {"llama-3.3-70b-versatile": 1771850639.2116787, "llama3-8b-8192": 1769603581.311255, "llama-3.1-8b-instant": 1769700507.8615365}, "request_count": {"llama-3.3-70b-versatile": 1, "llama3-8b-8192": 1, "llama-3.1-8b-instant": 1}, "minute_start": {"llama-3.3-70b-versatile": 1771850639.2116752, "llama3-8b-8192": 1769603581.3112519, "llama-3.1-8b-instant": 1769700507.8615327}}