{"daily_tokens": {"llama-3.3-70b-versatile": 7545, "llama-3.1-8b-instant": 2138}, "last_reset": "2026-05-22", "last_request_time": {"llama-3.3-70b-versatile": 1779459699.7108138, "llama3-8b-8192": 1769603581.311255, "llama-3.1-8b-instant": 1779469386.6838543}, "request_count": {"llama-3.3-70b-versatile": 1, "llama3-8b-8192": 1, "llama-3.1-8b-instant": 1}, "minute_start": {"llama-3.3-70b-versatile": 1779459699.7108107, "llama3-8b-8192": 1769603581.3112519, "llama-3.1-8b-instant": 1779469386.6838498}}