{"daily_tokens": {"llama-3.3-70b-versatile": 61424}, "last_reset": "2026-05-12", "last_request_time": {"llama-3.3-70b-versatile": 1778614159.560933, "llama3-8b-8192": 1769603581.311255, "llama-3.1-8b-instant": 1778520047.225631}, "request_count": {"llama-3.3-70b-versatile": 3, "llama3-8b-8192": 1, "llama-3.1-8b-instant": 1}, "minute_start": {"llama-3.3-70b-versatile": 1778614153.091895, "llama3-8b-8192": 1769603581.3112519, "llama-3.1-8b-instant": 1778520047.2256258}}