{"daily_tokens": {"llama-3.3-70b-versatile": 15424, "llama-3.1-8b-instant": 2039}, "last_reset": "2026-06-23", "last_request_time": {"llama-3.3-70b-versatile": 1782225085.6221795, "llama3-8b-8192": 1769603581.311255, "llama-3.1-8b-instant": 1782225087.8137608}, "request_count": {"llama-3.3-70b-versatile": 2, "llama3-8b-8192": 1, "llama-3.1-8b-instant": 1}, "minute_start": {"llama-3.3-70b-versatile": 1782225083.4678118, "llama3-8b-8192": 1769603581.3112519, "llama-3.1-8b-instant": 1782225087.813756}}