{"daily_tokens": {"llama-3.3-70b-versatile": 5169, "llama-3.1-8b-instant": 8442}, "last_reset": "2026-04-26", "last_request_time": {"llama-3.3-70b-versatile": 1777187878.6127832, "llama3-8b-8192": 1769603581.311255, "llama-3.1-8b-instant": 1777207599.406182}, "request_count": {"llama-3.3-70b-versatile": 2, "llama3-8b-8192": 1, "llama-3.1-8b-instant": 3}, "minute_start": {"llama-3.3-70b-versatile": 1777187875.0524893, "llama3-8b-8192": 1769603581.3112519, "llama-3.1-8b-instant": 1777207559.6698477}}