{"daily_tokens": {"llama-3.1-8b-instant": 195, "llama-3.3-70b-versatile": 728}, "last_reset": "2026-01-28", "last_request_time": {"llama-3.3-70b-versatile": 1769581593.3987796, "llama3-8b-8192": 1769581587.9263794, "llama-3.1-8b-instant": 1769581593.167507}, "request_count": {"llama-3.3-70b-versatile": 1, "llama3-8b-8192": 1, "llama-3.1-8b-instant": 1}, "minute_start": {"llama-3.3-70b-versatile": 1769581593.3987765, "llama3-8b-8192": 1769581587.9263754, "llama-3.1-8b-instant": 1769581593.167502}}