{"daily_tokens": {"llama-3.3-70b-versatile": 14388}, "last_reset": "2026-06-06", "last_request_time": {"llama-3.3-70b-versatile": 1780761750.121699, "llama3-8b-8192": 1769603581.311255, "llama-3.1-8b-instant": 1780688585.704028}, "request_count": {"llama-3.3-70b-versatile": 4, "llama3-8b-8192": 1, "llama-3.1-8b-instant": 1}, "minute_start": {"llama-3.3-70b-versatile": 1780761727.1649344, "llama3-8b-8192": 1769603581.3112519, "llama-3.1-8b-instant": 1780688585.704024}}