{"daily_tokens": {"llama-3.3-70b-versatile": 35739, "llama-3.1-8b-instant": 2039}, "last_reset": "2026-06-23", "last_request_time": {"llama-3.3-70b-versatile": 1782234748.3935828, "llama3-8b-8192": 1769603581.311255, "llama-3.1-8b-instant": 1782225087.8137608}, "request_count": {"llama-3.3-70b-versatile": 1, "llama3-8b-8192": 1, "llama-3.1-8b-instant": 1}, "minute_start": {"llama-3.3-70b-versatile": 1782234748.3935785, "llama3-8b-8192": 1769603581.3112519, "llama-3.1-8b-instant": 1782225087.813756}}