{"daily_tokens": {"llama-3.3-70b-versatile": 19880}, "last_reset": "2026-07-01", "last_request_time": {"llama-3.3-70b-versatile": 1782898387.6618001, "llama3-8b-8192": 1769603581.311255, "llama-3.1-8b-instant": 1782848666.1646252}, "request_count": {"llama-3.3-70b-versatile": 2, "llama3-8b-8192": 1, "llama-3.1-8b-instant": 1}, "minute_start": {"llama-3.3-70b-versatile": 1782898363.2911515, "llama3-8b-8192": 1769603581.3112519, "llama-3.1-8b-instant": 1782848666.1646209}}