{"daily_tokens": {"llama-3.3-70b-versatile": 12306, "llama-3.1-8b-instant": 4073}, "last_reset": "2026-05-03", "last_request_time": {"llama-3.3-70b-versatile": 1777812747.0590932, "llama3-8b-8192": 1769603581.311255, "llama-3.1-8b-instant": 1777812707.0251453}, "request_count": {"llama-3.3-70b-versatile": 2, "llama3-8b-8192": 1, "llama-3.1-8b-instant": 2}, "minute_start": {"llama-3.3-70b-versatile": 1777812705.5542512, "llama3-8b-8192": 1769603581.3112519, "llama-3.1-8b-instant": 1777812704.0295389}}