{"daily_tokens": {"llama-3.3-70b-versatile": 10504, "llama-3.1-8b-instant": 3908}, "last_reset": "2026-05-14", "last_request_time": {"llama-3.3-70b-versatile": 1778747367.0738804, "llama3-8b-8192": 1769603581.311255, "llama-3.1-8b-instant": 1778747373.8152997}, "request_count": {"llama-3.3-70b-versatile": 4, "llama3-8b-8192": 1, "llama-3.1-8b-instant": 2}, "minute_start": {"llama-3.3-70b-versatile": 1778747339.2843108, "llama3-8b-8192": 1769603581.3112519, "llama-3.1-8b-instant": 1778747370.6042063}}