{"daily_tokens": {"llama-3.3-70b-versatile": 20753}, "last_reset": "2026-05-27", "last_request_time": {"llama-3.3-70b-versatile": 1779893867.2452667, "llama3-8b-8192": 1769603581.311255, "llama-3.1-8b-instant": 1779788297.343003}, "request_count": {"llama-3.3-70b-versatile": 2, "llama3-8b-8192": 1, "llama-3.1-8b-instant": 1}, "minute_start": {"llama-3.3-70b-versatile": 1779893865.1203961, "llama3-8b-8192": 1769603581.3112519, "llama-3.1-8b-instant": 1779788297.342998}}