{"daily_tokens": {"llama-3.3-70b-versatile": 8191}, "last_reset": "2026-06-04", "last_request_time": {"llama-3.3-70b-versatile": 1780566266.248153, "llama3-8b-8192": 1769603581.311255, "llama-3.1-8b-instant": 1780432595.3902156}, "request_count": {"llama-3.3-70b-versatile": 3, "llama3-8b-8192": 1, "llama-3.1-8b-instant": 1}, "minute_start": {"llama-3.3-70b-versatile": 1780566261.0610948, "llama3-8b-8192": 1769603581.3112519, "llama-3.1-8b-instant": 1780432595.3902116}}