{"daily_tokens": {"llama-3.3-70b-versatile": 2529}, "last_reset": "2026-06-21", "last_request_time": {"llama-3.3-70b-versatile": 1782059143.7619164, "llama3-8b-8192": 1769603581.311255, "llama-3.1-8b-instant": 1781813642.8812146}, "request_count": {"llama-3.3-70b-versatile": 1, "llama3-8b-8192": 1, "llama-3.1-8b-instant": 1}, "minute_start": {"llama-3.3-70b-versatile": 1782059143.7619097, "llama3-8b-8192": 1769603581.3112519, "llama-3.1-8b-instant": 1781813642.8812106}}