{"daily_tokens": {"llama-3.3-70b-versatile": 12350}, "last_reset": "2026-06-05", "last_request_time": {"llama-3.3-70b-versatile": 1780652052.2436175, "llama3-8b-8192": 1769603581.311255, "llama-3.1-8b-instant": 1780602924.3963075}, "request_count": {"llama-3.3-70b-versatile": 5, "llama3-8b-8192": 1, "llama-3.1-8b-instant": 1}, "minute_start": {"llama-3.3-70b-versatile": 1780651998.1523752, "llama3-8b-8192": 1769603581.3112519, "llama-3.1-8b-instant": 1780602924.396304}}