{"daily_tokens": {"llama-3.3-70b-versatile": 30399}, "last_reset": "2026-05-15", "last_request_time": {"llama-3.3-70b-versatile": 1778852809.57595, "llama3-8b-8192": 1769603581.311255, "llama-3.1-8b-instant": 1778766564.155654}, "request_count": {"llama-3.3-70b-versatile": 2, "llama3-8b-8192": 1, "llama-3.1-8b-instant": 1}, "minute_start": {"llama-3.3-70b-versatile": 1778852806.0350406, "llama3-8b-8192": 1769603581.3112519, "llama-3.1-8b-instant": 1778766564.1556504}}