{"daily_tokens": {"llama-3.3-70b-versatile": 27640, "llama-3.1-8b-instant": 4641}, "last_reset": "2026-04-28", "last_request_time": {"llama-3.3-70b-versatile": 1777394942.2109106, "llama3-8b-8192": 1769603581.311255, "llama-3.1-8b-instant": 1777394842.796483}, "request_count": {"llama-3.3-70b-versatile": 3, "llama3-8b-8192": 1, "llama-3.1-8b-instant": 1}, "minute_start": {"llama-3.3-70b-versatile": 1777394925.347899, "llama3-8b-8192": 1769603581.3112519, "llama-3.1-8b-instant": 1777394842.7964795}}