{"daily_tokens": {"llama-3.3-70b-versatile": 12495}, "last_reset": "2026-05-09", "last_request_time": {"llama-3.3-70b-versatile": 1778312752.741213, "llama3-8b-8192": 1769603581.311255, "llama-3.1-8b-instant": 1778267212.5757012}, "request_count": {"llama-3.3-70b-versatile": 5, "llama3-8b-8192": 1, "llama-3.1-8b-instant": 1}, "minute_start": {"llama-3.3-70b-versatile": 1778312714.065653, "llama3-8b-8192": 1769603581.3112519, "llama-3.1-8b-instant": 1778267212.5756972}}