{"daily_tokens": {"llama-3.3-70b-versatile": 12113, "llama-3.1-8b-instant": 1980}, "last_reset": "2026-06-30", "last_request_time": {"llama-3.3-70b-versatile": 1782828006.0494874, "llama3-8b-8192": 1769603581.311255, "llama-3.1-8b-instant": 1782828010.7589703}, "request_count": {"llama-3.3-70b-versatile": 2, "llama3-8b-8192": 1, "llama-3.1-8b-instant": 1}, "minute_start": {"llama-3.3-70b-versatile": 1782828002.396385, "llama3-8b-8192": 1769603581.3112519, "llama-3.1-8b-instant": 1782828010.7589662}}