{"daily_tokens": {"llama-3.3-70b-versatile": 20604, "llama-3.1-8b-instant": 3770}, "last_reset": "2026-05-08", "last_request_time": {"llama-3.3-70b-versatile": 1778224789.8140066, "llama3-8b-8192": 1769603581.311255, "llama-3.1-8b-instant": 1778245948.6191163}, "request_count": {"llama-3.3-70b-versatile": 1, "llama3-8b-8192": 1, "llama-3.1-8b-instant": 2}, "minute_start": {"llama-3.3-70b-versatile": 1778224789.8140023, "llama3-8b-8192": 1769603581.3112519, "llama-3.1-8b-instant": 1778245945.104232}}