{"daily_tokens": {"llama-3.3-70b-versatile": 61673, "llama-3.1-8b-instant": 8020}, "last_reset": "2026-05-02", "last_request_time": {"llama-3.3-70b-versatile": 1777747617.3543432, "llama3-8b-8192": 1769603581.311255, "llama-3.1-8b-instant": 1777747601.4320786}, "request_count": {"llama-3.3-70b-versatile": 4, "llama3-8b-8192": 1, "llama-3.1-8b-instant": 1}, "minute_start": {"llama-3.3-70b-versatile": 1777747563.2074785, "llama3-8b-8192": 1769603581.3112519, "llama-3.1-8b-instant": 1777747601.432075}}