{"daily_tokens": {"llama-3.3-70b-versatile": 45332, "llama-3.1-8b-instant": 3835}, "last_reset": "2026-06-23", "last_request_time": {"llama-3.3-70b-versatile": 1782244299.837901, "llama3-8b-8192": 1769603581.311255, "llama-3.1-8b-instant": 1782244278.4272838}, "request_count": {"llama-3.3-70b-versatile": 4, "llama3-8b-8192": 1, "llama-3.1-8b-instant": 1}, "minute_start": {"llama-3.3-70b-versatile": 1782244276.08704, "llama3-8b-8192": 1769603581.3112519, "llama-3.1-8b-instant": 1782244278.4272797}}