{"daily_tokens": {"llama-3.3-70b-versatile": 20010, "llama-3.1-8b-instant": 2100}, "last_reset": "2026-06-14", "last_request_time": {"llama-3.3-70b-versatile": 1781453834.6057968, "llama3-8b-8192": 1769603581.311255, "llama-3.1-8b-instant": 1781444606.8111007}, "request_count": {"llama-3.3-70b-versatile": 4, "llama3-8b-8192": 1, "llama-3.1-8b-instant": 1}, "minute_start": {"llama-3.3-70b-versatile": 1781453809.6860063, "llama3-8b-8192": 1769603581.3112519, "llama-3.1-8b-instant": 1781444606.811096}}