{"daily_tokens": {"llama-3.3-70b-versatile": 10340, "llama-3.1-8b-instant": 7785}, "last_reset": "2026-05-16", "last_request_time": {"llama-3.3-70b-versatile": 1778936642.013967, "llama3-8b-8192": 1769603581.311255, "llama-3.1-8b-instant": 1778936622.5430558}, "request_count": {"llama-3.3-70b-versatile": 1, "llama3-8b-8192": 1, "llama-3.1-8b-instant": 3}, "minute_start": {"llama-3.3-70b-versatile": 1778936642.0139635, "llama3-8b-8192": 1769603581.3112519, "llama-3.1-8b-instant": 1778936581.9316585}}