{"daily_tokens": {"llama-3.3-70b-versatile": 16930, "llama-3.1-8b-instant": 4728}, "last_reset": "2026-04-24", "last_request_time": {"llama-3.3-70b-versatile": 1777017116.3065846, "llama3-8b-8192": 1769603581.311255, "llama-3.1-8b-instant": 1777017118.5015807}, "request_count": {"llama-3.3-70b-versatile": 1, "llama3-8b-8192": 1, "llama-3.1-8b-instant": 2}, "minute_start": {"llama-3.3-70b-versatile": 1777017116.3065808, "llama3-8b-8192": 1769603581.3112519, "llama-3.1-8b-instant": 1777017078.75568}}