{"daily_tokens": {"llama-3.1-8b-instant": 1160, "llama-3.3-70b-versatile": 3738}, "last_reset": "2026-01-28", "last_request_time": {"llama-3.3-70b-versatile": 1769613900.2414541, "llama3-8b-8192": 1769603581.311255, "llama-3.1-8b-instant": 1769613899.9999864}, "request_count": {"llama-3.3-70b-versatile": 3, "llama3-8b-8192": 1, "llama-3.1-8b-instant": 3}, "minute_start": {"llama-3.3-70b-versatile": 1769613894.879997, "llama3-8b-8192": 1769603581.3112519, "llama-3.1-8b-instant": 1769613894.528657}}