{"daily_tokens": {"llama-3.3-70b-versatile": 20914, "llama-3.1-8b-instant": 2138}, "last_reset": "2026-05-13", "last_request_time": {"llama-3.3-70b-versatile": 1778681436.488912, "llama3-8b-8192": 1769603581.311255, "llama-3.1-8b-instant": 1778681427.621995}, "request_count": {"llama-3.3-70b-versatile": 3, "llama3-8b-8192": 1, "llama-3.1-8b-instant": 1}, "minute_start": {"llama-3.3-70b-versatile": 1778681431.7572963, "llama3-8b-8192": 1769603581.3112519, "llama-3.1-8b-instant": 1778681427.6219912}}