{"daily_tokens": {"llama-3.3-70b-versatile": 1688, "llama-3.1-8b-instant": 409}, "last_reset": "2026-01-27", "last_request_time": {"llama-3.3-70b-versatile": 1769527463.978074, "llama3-8b-8192": 1769527463.8229015, "llama-3.1-8b-instant": 1769527463.8983793}, "request_count": {"llama-3.3-70b-versatile": 4, "llama3-8b-8192": 3, "llama-3.1-8b-instant": 3}, "minute_start": {"llama-3.3-70b-versatile": 1769527433.8514385, "llama3-8b-8192": 1769527454.957414, "llama-3.1-8b-instant": 1769527455.0300791}}