{"daily_tokens": {"llama-3.3-70b-versatile": 7621, "llama-3.1-8b-instant": 1914}, "last_reset": "2026-05-28", "last_request_time": {"llama-3.3-70b-versatile": 1779961707.066528, "llama3-8b-8192": 1769603581.311255, "llama-3.1-8b-instant": 1779961727.304074}, "request_count": {"llama-3.3-70b-versatile": 3, "llama3-8b-8192": 1, "llama-3.1-8b-instant": 1}, "minute_start": {"llama-3.3-70b-versatile": 1779961700.719594, "llama3-8b-8192": 1769603581.3112519, "llama-3.1-8b-instant": 1779961727.3040702}}