{"daily_tokens": {"llama-3.3-70b-versatile": 22874}, "last_reset": "2026-06-09", "last_request_time": {"llama-3.3-70b-versatile": 1781015534.6652992, "llama3-8b-8192": 1769603581.311255, "llama-3.1-8b-instant": 1780914012.6339428}, "request_count": {"llama-3.3-70b-versatile": 3, "llama3-8b-8192": 1, "llama-3.1-8b-instant": 1}, "minute_start": {"llama-3.3-70b-versatile": 1781015488.745109, "llama3-8b-8192": 1769603581.3112519, "llama-3.1-8b-instant": 1780914012.6339393}}