{"daily_tokens": {"llama-3.3-70b-versatile": 5028, "llama-3.1-8b-instant": 2057}, "last_reset": "2026-05-18", "last_request_time": {"llama-3.3-70b-versatile": 1779097382.1816695, "llama3-8b-8192": 1769603581.311255, "llama-3.1-8b-instant": 1779097384.2556458}, "request_count": {"llama-3.3-70b-versatile": 2, "llama3-8b-8192": 1, "llama-3.1-8b-instant": 1}, "minute_start": {"llama-3.3-70b-versatile": 1779097376.1229033, "llama3-8b-8192": 1769603581.3112519, "llama-3.1-8b-instant": 1779097384.2556422}}