{"daily_tokens": {"llama-3.3-70b-versatile": 25511, "llama-3.1-8b-instant": 4124}, "last_reset": "2026-04-27", "last_request_time": {"llama-3.3-70b-versatile": 1777296142.4960475, "llama3-8b-8192": 1769603581.311255, "llama-3.1-8b-instant": 1777296189.1856084}, "request_count": {"llama-3.3-70b-versatile": 1, "llama3-8b-8192": 1, "llama-3.1-8b-instant": 1}, "minute_start": {"llama-3.3-70b-versatile": 1777296142.496043, "llama3-8b-8192": 1769603581.3112519, "llama-3.1-8b-instant": 1777296189.185605}}