{"daily_tokens": {"llama-3.3-70b-versatile": 5192}, "last_reset": "2026-01-30", "last_request_time": {"llama-3.3-70b-versatile": 1769776603.594751, "llama3-8b-8192": 1769603581.311255, "llama-3.1-8b-instant": 1769700507.8615365}, "request_count": {"llama-3.3-70b-versatile": 2, "llama3-8b-8192": 1, "llama-3.1-8b-instant": 1}, "minute_start": {"llama-3.3-70b-versatile": 1769776600.0723727, "llama3-8b-8192": 1769603581.3112519, "llama-3.1-8b-instant": 1769700507.8615327}}