{"daily_tokens": {"llama-3.3-70b-versatile": 37810, "llama-3.1-8b-instant": 3800}, "last_reset": "2026-05-06", "last_request_time": {"llama-3.3-70b-versatile": 1778095543.7847908, "llama3-8b-8192": 1769603581.311255, "llama-3.1-8b-instant": 1778084666.2300816}, "request_count": {"llama-3.3-70b-versatile": 4, "llama3-8b-8192": 1, "llama-3.1-8b-instant": 2}, "minute_start": {"llama-3.3-70b-versatile": 1778095518.7902017, "llama3-8b-8192": 1769603581.3112519, "llama-3.1-8b-instant": 1778084614.3371284}}