{"daily_tokens": {"llama-3.3-70b-versatile": 7793, "llama-3.1-8b-instant": 2063}, "last_reset": "2026-05-16", "last_request_time": {"llama-3.3-70b-versatile": 1778917953.931734, "llama3-8b-8192": 1769603581.311255, "llama-3.1-8b-instant": 1778917974.9074569}, "request_count": {"llama-3.3-70b-versatile": 3, "llama3-8b-8192": 1, "llama-3.1-8b-instant": 1}, "minute_start": {"llama-3.3-70b-versatile": 1778917948.0250127, "llama3-8b-8192": 1769603581.3112519, "llama-3.1-8b-instant": 1778917974.9074526}}