{"daily_tokens": {"llama-3.3-70b-versatile": 30883, "llama-3.1-8b-instant": 2435}, "last_reset": "2026-05-11", "last_request_time": {"llama-3.3-70b-versatile": 1778509936.3202395, "llama3-8b-8192": 1769603581.311255, "llama-3.1-8b-instant": 1778491593.394899}, "request_count": {"llama-3.3-70b-versatile": 1, "llama3-8b-8192": 1, "llama-3.1-8b-instant": 1}, "minute_start": {"llama-3.3-70b-versatile": 1778509936.320235, "llama3-8b-8192": 1769603581.3112519, "llama-3.1-8b-instant": 1778491593.3948958}}