{"daily_tokens": {"llama-3.3-70b-versatile": 10552, "llama-3.1-8b-instant": 1962}, "last_reset": "2026-06-07", "last_request_time": {"llama-3.3-70b-versatile": 1780838708.2514136, "llama3-8b-8192": 1769603581.311255, "llama-3.1-8b-instant": 1780838710.093006}, "request_count": {"llama-3.3-70b-versatile": 1, "llama3-8b-8192": 1, "llama-3.1-8b-instant": 1}, "minute_start": {"llama-3.3-70b-versatile": 1780838708.2514086, "llama3-8b-8192": 1769603581.3112519, "llama-3.1-8b-instant": 1780838710.093002}}