{"daily_tokens": {"llama-3.3-70b-versatile": 5881, "llama-3.1-8b-instant": 2218}, "last_reset": "2026-05-02", "last_request_time": {"llama-3.3-70b-versatile": 1777706481.4001102, "llama3-8b-8192": 1769603581.311255, "llama-3.1-8b-instant": 1777706484.8391623}, "request_count": {"llama-3.3-70b-versatile": 2, "llama3-8b-8192": 1, "llama-3.1-8b-instant": 1}, "minute_start": {"llama-3.3-70b-versatile": 1777706477.492512, "llama3-8b-8192": 1769603581.3112519, "llama-3.1-8b-instant": 1777706484.8391585}}