{"daily_tokens": {"llama-3.3-70b-versatile": 7874, "llama-3.1-8b-instant": 2135}, "last_reset": "2026-05-04", "last_request_time": {"llama-3.3-70b-versatile": 1777882780.0279021, "llama3-8b-8192": 1769603581.311255, "llama-3.1-8b-instant": 1777882787.96203}, "request_count": {"llama-3.3-70b-versatile": 3, "llama3-8b-8192": 1, "llama-3.1-8b-instant": 1}, "minute_start": {"llama-3.3-70b-versatile": 1777882774.1470954, "llama3-8b-8192": 1769603581.3112519, "llama-3.1-8b-instant": 1777882787.9620264}}