{"daily_tokens": {"llama-3.3-70b-versatile": 9834}, "last_reset": "2026-06-28", "last_request_time": {"llama-3.3-70b-versatile": 1782636117.3023005, "llama3-8b-8192": 1769603581.311255, "llama-3.1-8b-instant": 1782576118.2149158}, "request_count": {"llama-3.3-70b-versatile": 4, "llama3-8b-8192": 1, "llama-3.1-8b-instant": 1}, "minute_start": {"llama-3.3-70b-versatile": 1782636091.5122328, "llama3-8b-8192": 1769603581.3112519, "llama-3.1-8b-instant": 1782576118.2149134}}