{"daily_tokens": {"llama-3.3-70b-versatile": 12992, "llama-3.1-8b-instant": 1928}, "last_reset": "2026-06-26", "last_request_time": {"llama-3.3-70b-versatile": 1782492943.332948, "llama3-8b-8192": 1769603581.311255, "llama-3.1-8b-instant": 1782502138.6206803}, "request_count": {"llama-3.3-70b-versatile": 2, "llama3-8b-8192": 1, "llama-3.1-8b-instant": 1}, "minute_start": {"llama-3.3-70b-versatile": 1782492940.66976, "llama3-8b-8192": 1769603581.3112519, "llama-3.1-8b-instant": 1782502138.6206748}}