{"daily_tokens": {"llama-3.3-70b-versatile": 22869, "llama-3.1-8b-instant": 1840}, "last_reset": "2026-06-05", "last_request_time": {"llama-3.3-70b-versatile": 1780679266.4812546, "llama3-8b-8192": 1769603581.311255, "llama-3.1-8b-instant": 1780679264.9936774}, "request_count": {"llama-3.3-70b-versatile": 2, "llama3-8b-8192": 1, "llama-3.1-8b-instant": 1}, "minute_start": {"llama-3.3-70b-versatile": 1780679263.124853, "llama3-8b-8192": 1769603581.3112519, "llama-3.1-8b-instant": 1780679264.9936736}}