{"daily_tokens": {"llama-3.3-70b-versatile": 21883}, "last_reset": "2026-06-06", "last_request_time": {"llama-3.3-70b-versatile": 1780772850.6936047, "llama3-8b-8192": 1769603581.311255, "llama-3.1-8b-instant": 1780688585.704028}, "request_count": {"llama-3.3-70b-versatile": 3, "llama3-8b-8192": 1, "llama-3.1-8b-instant": 1}, "minute_start": {"llama-3.3-70b-versatile": 1780772846.4274027, "llama3-8b-8192": 1769603581.3112519, "llama-3.1-8b-instant": 1780688585.704024}}