{"daily_tokens": {"llama-3.3-70b-versatile": 32757, "llama-3.1-8b-instant": 3676}, "last_reset": "2026-05-25", "last_request_time": {"llama-3.3-70b-versatile": 1779736753.4428403, "llama3-8b-8192": 1769603581.311255, "llama-3.1-8b-instant": 1779719887.535688}, "request_count": {"llama-3.3-70b-versatile": 1, "llama3-8b-8192": 1, "llama-3.1-8b-instant": 2}, "minute_start": {"llama-3.3-70b-versatile": 1779736753.4428375, "llama3-8b-8192": 1769603581.3112519, "llama-3.1-8b-instant": 1779719881.794965}}