{"daily_tokens": {"llama-3.3-70b-versatile": 10495}, "last_reset": "2026-06-23", "last_request_time": {"llama-3.3-70b-versatile": 1782206704.852559, "llama3-8b-8192": 1769603581.311255, "llama-3.1-8b-instant": 1781813642.8812146}, "request_count": {"llama-3.3-70b-versatile": 4, "llama3-8b-8192": 1, "llama-3.1-8b-instant": 1}, "minute_start": {"llama-3.3-70b-versatile": 1782206678.0096366, "llama3-8b-8192": 1769603581.3112519, "llama-3.1-8b-instant": 1781813642.8812106}}