{"daily_tokens": {"llama-3.3-70b-versatile": 12878, "llama-3.1-8b-instant": 4737}, "last_reset": "2026-05-26", "last_request_time": {"llama-3.3-70b-versatile": 1779817907.6185308, "llama3-8b-8192": 1769603581.311255, "llama-3.1-8b-instant": 1779788297.343003}, "request_count": {"llama-3.3-70b-versatile": 1, "llama3-8b-8192": 1, "llama-3.1-8b-instant": 1}, "minute_start": {"llama-3.3-70b-versatile": 1779817907.618506, "llama3-8b-8192": 1769603581.3112519, "llama-3.1-8b-instant": 1779788297.342998}}