{"daily_tokens": {"llama-3.3-70b-versatile": 17710, "llama-3.1-8b-instant": 1943}, "last_reset": "2026-06-11", "last_request_time": {"llama-3.3-70b-versatile": 1781192315.2481444, "llama3-8b-8192": 1769603581.311255, "llama-3.1-8b-instant": 1781192313.8755546}, "request_count": {"llama-3.3-70b-versatile": 2, "llama3-8b-8192": 1, "llama-3.1-8b-instant": 1}, "minute_start": {"llama-3.3-70b-versatile": 1781192310.9900975, "llama3-8b-8192": 1769603581.3112519, "llama-3.1-8b-instant": 1781192313.8755512}}