{"daily_tokens": {"llama-3.3-70b-versatile": 30062, "llama-3.1-8b-instant": 8194}, "last_reset": "2026-06-18", "last_request_time": {"llama-3.3-70b-versatile": 1781805343.819232, "llama3-8b-8192": 1769603581.311255, "llama-3.1-8b-instant": 1781813642.8812146}, "request_count": {"llama-3.3-70b-versatile": 2, "llama3-8b-8192": 1, "llama-3.1-8b-instant": 1}, "minute_start": {"llama-3.3-70b-versatile": 1781805341.723896, "llama3-8b-8192": 1769603581.3112519, "llama-3.1-8b-instant": 1781813642.8812106}}